{
    "mae": 0.21773244292139102,
    "mse": 0.1537711707847745,
    "r2": 0.8691499381730259
}
